{
  "algo": "sac",
  "seed": 6,
  "train_wall_s": 950.7893802000035,
  "eval_wall_s": 5.201051100011682,
  "wall_s": 959.8447416000126,
  "mean_inning_score": 5.48,
  "max_inning_score": 9,
  "p_score_ge1": 100.0,
  "p_score_ge3": 98.0,
  "p_score_ge5": 75.0,
  "mean_shots": 10.0,
  "foul_rate": 59.5,
  "mean_cushions": 1.2670000000000001
}