{
  "n": 500,
  "score_term": 0.0,
  "score_term_std": 0.0,
  "foul_term": 0.0,
  "foul_term_std": 0.0,
  "cushion_term": 1.6,
  "cushion_term_std": 0.0,
  "red_contact_term": 0.5999999999999999,
  "red_contact_term_std": 1.1102230246251565e-16,
  "opp_contact_term": 0.0,
  "opp_contact_term_std": 0.0,
  "position_term": 0.05337153723109941,
  "position_term_std": 6.938893903907228e-18,
  "duration_term": -0.3047567922176556,
  "duration_term_std": 0.0,
  "total": 1.9486147450134441,
  "total_std": 2.220446049250313e-16
}