{
  "config_kind": "sac_env",
  "seed": 2,
  "train_wall_s": 245.66547904201434,
  "eval_wall_s": 1.972936333011603,
  "wall_s": 247.668853375013,
  "true_score_rate": 0.0,
  "rm_score_mean": NaN,
  "foul_rate": 0.0,
  "mean_cushions": 4.0,
  "queries_used": 0,
  "n_phases": 6,
  "last_rm_train_loss": NaN,
  "last_relabel_delta_mean": 0.0,
  "last_relabel_delta_std": 0.0,
  "attribution": {
    "n": 500,
    "score_term": 0.0,
    "score_term_std": 0.0,
    "foul_term": 0.0,
    "foul_term_std": 0.0,
    "cushion_term": 1.6,
    "cushion_term_std": 0.0,
    "red_contact_term": 0.5999999999999999,
    "red_contact_term_std": 1.1102230246251565e-16,
    "opp_contact_term": 0.0,
    "opp_contact_term_std": 0.0,
    "position_term": 0.05337153723109941,
    "position_term_std": 6.938893903907228e-18,
    "duration_term": -0.3047567922176556,
    "duration_term_std": 0.0,
    "total": 1.9486147450134441,
    "total_std": 2.220446049250313e-16
  }
}