{
  "algo": "sac",
  "seed": 1,
  "train_wall_s": 471.5503375999979,
  "eval_wall_s": 7.349951699958183,
  "wall_s": 479.62925100000575,
  "mean_inning_score": 2.0,
  "max_inning_score": 2,
  "p_score_ge1": 100.0,
  "p_score_ge3": 0.0,
  "p_score_ge5": 0.0,
  "mean_shots": 10.0,
  "foul_rate": 0.0,
  "mean_cushions": 3.2
}