{
  "algo": "sac",
  "seed": 0,
  "train_wall_s": 467.60835860000225,
  "eval_wall_s": 5.842162000015378,
  "wall_s": 474.24645479995525,
  "mean_inning_score": 0.0,
  "max_inning_score": 0,
  "p_score_ge1": 0.0,
  "p_score_ge3": 0.0,
  "p_score_ge5": 0.0,
  "mean_shots": 10.0,
  "foul_rate": 100.0,
  "mean_cushions": 3.2999999999999994
}