{
  "alpha": 0.0,
  "seed": 2,
  "train_wall_s": 41.68692129198462,
  "eval_wall_s": 1.4887305409938563,
  "wall_s": 45.33727037499193,
  "true_score_rate": 0.0,
  "rm_score_norm": 2.7481700033554732,
  "foul_rate": 0.0,
  "mean_cushions": 5.0,
  "attribution": {
    "n": 500,
    "score_term": 0.0,
    "score_term_std": 0.0,
    "foul_term": 0.0,
    "foul_term_std": 0.0,
    "cushion_term": 2.0,
    "cushion_term_std": 0.0,
    "red_contact_term": 0.0,
    "red_contact_term_std": 0.0,
    "opp_contact_term": 0.0,
    "opp_contact_term_std": 0.0,
    "position_term": 0.241997281828076,
    "position_term_std": 0.0,
    "duration_term": -0.27241277014722326,
    "duration_term_std": 5.551115123125783e-17,
    "total": 1.9695845116808532,
    "total_std": 4.440892098500626e-16
  }
}