{
  "n": 500,
  "score_term": 0.0,
  "score_term_std": 0.0,
  "foul_term": 0.0,
  "foul_term_std": 0.0,
  "cushion_term": 2.0,
  "cushion_term_std": 0.0,
  "red_contact_term": 0.0,
  "red_contact_term_std": 0.0,
  "opp_contact_term": 0.0,
  "opp_contact_term_std": 0.0,
  "position_term": 0.2520499737608176,
  "position_term_std": 5.551115123125783e-17,
  "duration_term": -0.27223478823110636,
  "duration_term_std": 5.551115123125783e-17,
  "total": 1.9798151855297117,
  "total_std": 2.220446049250313e-16
}