{
  "algo": "sac",
  "seed": 2,
  "train_wall_s": 190.500489500002,
  "eval_wall_s": 8.123062999977265,
  "wall_s": 201.98003650002647,
  "mean_inning_score": 3.0,
  "max_inning_score": 3,
  "p_score_ge1": 100.0,
  "p_score_ge3": 100.0,
  "p_score_ge5": 0.0,
  "mean_shots": 10.0,
  "foul_rate": 0.0,
  "mean_cushions": 2.8
}