{
  "config_kind": "pebble_disagree",
  "seed": 2,
  "train_wall_s": 286.1353584580065,
  "eval_wall_s": 1.7882506659952924,
  "wall_s": 287.9611133750004,
  "true_score_rate": 0.0,
  "rm_score_mean": 0.0756598562002182,
  "foul_rate": 0.0,
  "mean_cushions": 3.0,
  "queries_used": 300,
  "n_phases": 6,
  "last_rm_train_loss": 0.686520978808403,
  "last_relabel_delta_mean": 0.015968581661581993,
  "last_relabel_delta_std": 0.012201395817101002,
  "attribution": {
    "n": 500,
    "score_term": 0.0,
    "score_term_std": 0.0,
    "foul_term": 0.0,
    "foul_term_std": 0.0,
    "cushion_term": 1.1999999999999997,
    "cushion_term_std": 4.440892098500626e-16,
    "red_contact_term": 0.0,
    "red_contact_term_std": 0.0,
    "opp_contact_term": 0.0,
    "opp_contact_term_std": 0.0,
    "position_term": 0.21718348230849888,
    "position_term_std": 5.551115123125783e-17,
    "duration_term": -0.3014607140567903,
    "duration_term_std": 1.1102230246251565e-16,
    "total": 1.1157227682517086,
    "total_std": 0.0
  }
}