{
  "config": {
    "n_eps": 12,
    "max_shots": 25,
    "k1": 100,
    "k2": 3,
    "seed_base": 99000
  },
  "results": {
    "true_baseline": {
      "mean_score": 22.583333333333332,
      "std_score": 6.897563982225094,
      "max_score": 25,
      "mean_shots": 22.75,
      "mean_sim_time_s": 88.64364004478746,
      "score_per_sim_s": 0.2547654103771352,
      "scores": [
        0,
        21,
        25,
        25,
        25,
        25,
        25,
        25,
        25,
        25,
        25,
        25
      ],
      "sim_times": [
        3.360336968838899,
        70.86458661994988,
        108.8950102496476,
        92.81714443303036,
        95.51377382255744,
        99.68780765784282,
        97.30451243115635,
        99.86573687259097,
        100.43566208377563,
        98.7977861254017,
        101.59039711370461,
        94.59092615895328
      ],
      "proposers": "baseline",
      "time_rank": false
    },
    "baseline": {
      "mean_score": 22.916666666666668,
      "std_score": 6.909634979907085,
      "max_score": 25,
      "mean_shots": 23.0,
      "mean_sim_time_s": 81.19414839306494,
      "score_per_sim_s": 0.2822452987095318,
      "scores": [
        0,
        25,
        25,
        25,
        25,
        25,
        25,
        25,
        25,
        25,
        25,
        25
      ],
      "sim_times": [
        3.360336968838899,
        83.26400939084625,
        89.29368388221334,
        90.07896165249994,
        89.34172535173484,
        87.0613487974332,
        100.2906730010185,
        83.57007395595473,
        91.28376244537108,
        90.05986518448282,
        72.74100536573563,
        93.98433472065007
      ],
      "proposers": "baseline",
      "time_rank": true
    },
    "time": {
      "mean_score": 22.916666666666668,
      "std_score": 6.909634979907085,
      "max_score": 25,
      "mean_shots": 23.0,
      "mean_sim_time_s": 80.71407704833797,
      "score_per_sim_s": 0.28392403784710757,
      "scores": [
        0,
        25,
        25,
        25,
        25,
        25,
        25,
        25,
        25,
        25,
        25,
        25
      ],
      "sim_times": [
        3.1505282043378933,
        89.71595533848627,
        88.88975493659525,
        81.49214647765638,
        74.87797904613132,
        85.97678971091247,
        87.12673571344284,
        88.61371718552569,
        84.85992471088325,
        98.14114774268076,
        89.86988991460959,
        95.85435559879403
      ],
      "proposers": "time",
      "time_rank": true
    }
  }
}