{
  "algo": "sac",
  "seed": 4,
  "train_wall_s": 1782.271483000135,
  "eval_wall_s": 1.6231830830220133,
  "wall_s": 1785.881049666088,
  "mean_inning_score": 5.69,
  "max_inning_score": 9,
  "p_score_ge1": 100.0,
  "p_score_ge3": 99.0,
  "p_score_ge5": 81.0,
  "mean_shots": 10.0,
  "foul_rate": 51.0,
  "mean_cushions": 1.0850000000000002
}