{
  "n": 500,
  "score_term": 0.0,
  "score_term_std": 0.0,
  "foul_term": -5.0,
  "foul_term_std": 0.0,
  "cushion_term": 0.4,
  "cushion_term_std": 0.0,
  "red_contact_term": 0.5999999999999999,
  "red_contact_term_std": 1.1102230246251565e-16,
  "opp_contact_term": -0.29999999999999993,
  "opp_contact_term_std": 5.551115123125783e-17,
  "position_term": 0.26035179526072394,
  "position_term_std": 5.551115123125783e-17,
  "duration_term": -0.22957823062691726,
  "duration_term_std": 5.551115123125783e-17,
  "total": -4.269226435366194,
  "total_std": 8.881784197001252e-16
}