{
  "config_kind": "pebble_disagree",
  "seed": 0,
  "train_wall_s": 247.26558458298678,
  "eval_wall_s": 1.5417103329964448,
  "wall_s": 248.84142979199532,
  "true_score_rate": 0.0,
  "rm_score_mean": 0.023482613265514374,
  "foul_rate": 100.0,
  "mean_cushions": 1.0,
  "queries_used": 300,
  "n_phases": 6,
  "last_rm_train_loss": 0.6785124391317368,
  "last_relabel_delta_mean": 0.028789201751351357,
  "last_relabel_delta_std": 0.018545206636190414,
  "attribution": {
    "n": 500,
    "score_term": 0.0,
    "score_term_std": 0.0,
    "foul_term": -5.0,
    "foul_term_std": 0.0,
    "cushion_term": 0.4,
    "cushion_term_std": 0.0,
    "red_contact_term": 0.5999999999999999,
    "red_contact_term_std": 1.1102230246251565e-16,
    "opp_contact_term": -0.29999999999999993,
    "opp_contact_term_std": 5.551115123125783e-17,
    "position_term": 0.26035179526072394,
    "position_term_std": 5.551115123125783e-17,
    "duration_term": -0.22957823062691726,
    "duration_term_std": 5.551115123125783e-17,
    "total": -4.269226435366194,
    "total_std": 8.881784197001252e-16
  }
}