{
  "n": 500,
  "score_term": 0.0,
  "score_term_std": 0.0,
  "foul_term": 0.0,
  "foul_term_std": 0.0,
  "cushion_term": 1.1999999999999997,
  "cushion_term_std": 4.440892098500626e-16,
  "red_contact_term": 0.5999999999999999,
  "red_contact_term_std": 1.1102230246251565e-16,
  "opp_contact_term": 0.0,
  "opp_contact_term_std": 0.0,
  "position_term": 0.2583472581695637,
  "position_term_std": 5.551115123125783e-17,
  "duration_term": -0.2765175031039169,
  "duration_term_std": 0.0,
  "total": 1.781829755065647,
  "total_std": 0.0
}