{
  "config_kind": "pebble_disagree",
  "seed": 1,
  "train_wall_s": 269.11037924999255,
  "eval_wall_s": 1.7573754169861786,
  "wall_s": 270.9022054160014,
  "true_score_rate": 0.0,
  "rm_score_mean": 0.04201418533921242,
  "foul_rate": 0.0,
  "mean_cushions": 3.0,
  "queries_used": 300,
  "n_phases": 6,
  "last_rm_train_loss": 0.6897976994514465,
  "last_relabel_delta_mean": 0.026258353143930435,
  "last_relabel_delta_std": 0.0175615344196558,
  "attribution": {
    "n": 500,
    "score_term": 0.0,
    "score_term_std": 0.0,
    "foul_term": 0.0,
    "foul_term_std": 0.0,
    "cushion_term": 1.1999999999999997,
    "cushion_term_std": 4.440892098500626e-16,
    "red_contact_term": 0.5999999999999999,
    "red_contact_term_std": 1.1102230246251565e-16,
    "opp_contact_term": 0.0,
    "opp_contact_term_std": 0.0,
    "position_term": 0.2583472581695637,
    "position_term_std": 5.551115123125783e-17,
    "duration_term": -0.2765175031039169,
    "duration_term_std": 0.0,
    "total": 1.781829755065647,
    "total_std": 0.0
  }
}