{
  "algo": "sac",
  "seed": 1,
  "train_wall_s": 979.078282790957,
  "eval_wall_s": 3.3634173749014735,
  "wall_s": 984.3358792909421,
  "mean_inning_score": 9.45,
  "max_inning_score": 15,
  "p_score_ge1": 99.0,
  "p_score_ge3": 99.0,
  "p_score_ge5": 97.0,
  "mean_shots": 20.0,
  "foul_rate": 70.0,
  "mean_cushions": 1.0565
}