{
  "algo": "sac",
  "seed": 0,
  "train_wall_s": 494.75430659996346,
  "eval_wall_s": 5.1807298000203446,
  "wall_s": 500.7241138999816,
  "mean_inning_score": 0.0,
  "max_inning_score": 0,
  "p_score_ge1": 0.0,
  "p_score_ge3": 0.0,
  "p_score_ge5": 0.0,
  "mean_shots": 10.0,
  "foul_rate": 0.0,
  "mean_cushions": 2.5
}