{
  "algo": "sac",
  "seed": 0,
  "train_wall_s": 0.8441560999490321,
  "eval_wall_s": 2.3124781000078656,
  "wall_s": 5.653470899967942,
  "mean_inning_score": 0.035,
  "max_inning_score": 1,
  "p_score_ge1": 3.5000000000000004,
  "p_score_ge3": 0.0,
  "p_score_ge5": 0.0,
  "mean_shots": 5.0,
  "foul_rate": 16.0,
  "mean_cushions": 0.53
}