{
  "algo": "sac",
  "seed": 2,
  "train_wall_s": 455.6967440000153,
  "eval_wall_s": 4.2926925999927334,
  "wall_s": 460.70206640003016,
  "mean_inning_score": 0.0,
  "max_inning_score": 0,
  "p_score_ge1": 0.0,
  "p_score_ge3": 0.0,
  "p_score_ge5": 0.0,
  "mean_shots": 10.0,
  "foul_rate": 0.0,
  "mean_cushions": 3.2
}