{
  "algo": "sac",
  "seed": 1,
  "train_wall_s": 461.1729372001719,
  "eval_wall_s": 1.4962512999773026,
  "wall_s": 463.40402390016243,
  "mean_inning_score": 1.0,
  "max_inning_score": 1,
  "p_score_ge1": 100.0,
  "p_score_ge3": 0.0,
  "p_score_ge5": 0.0,
  "mean_shots": 2.0,
  "foul_rate": 0.0,
  "mean_cushions": 2.0
}