{
  "algo": "sac",
  "seed": 5,
  "train_wall_s": 2074.0832783749793,
  "eval_wall_s": 1.950862874975428,
  "wall_s": 2078.096974832937,
  "mean_inning_score": 5.6,
  "max_inning_score": 9,
  "p_score_ge1": 100.0,
  "p_score_ge3": 97.0,
  "p_score_ge5": 80.0,
  "mean_shots": 10.0,
  "foul_rate": 56.00000000000001,
  "mean_cushions": 0.986
}