{
  "algo": "sac",
  "seed": 2,
  "train_wall_s": 424.38193020015024,
  "eval_wall_s": 1.2306268999818712,
  "wall_s": 426.3529032000806,
  "mean_inning_score": 1.0,
  "max_inning_score": 1,
  "p_score_ge1": 100.0,
  "p_score_ge3": 0.0,
  "p_score_ge5": 0.0,
  "mean_shots": 2.0,
  "foul_rate": 0.0,
  "mean_cushions": 2.5
}