{
  "algo": "td3",
  "seed": 2,
  "train_wall_s": 460.77784179999435,
  "eval_wall_s": 1.4483110000001034,
  "wall_s": 462.9790609000047,
  "mean_inning_score": 1.0,
  "max_inning_score": 1,
  "p_score_ge1": 100.0,
  "p_score_ge3": 0.0,
  "p_score_ge5": 0.0,
  "mean_shots": 2.0,
  "foul_rate": 0.0,
  "mean_cushions": 5.0
}