{
  "algo": "td3",
  "seed": 0,
  "train_wall_s": 476.0345169000211,
  "eval_wall_s": 6.521006199996918,
  "wall_s": 483.28232589998515,
  "mean_inning_score": 4.0,
  "max_inning_score": 4,
  "p_score_ge1": 100.0,
  "p_score_ge3": 100.0,
  "p_score_ge5": 0.0,
  "mean_shots": 10.0,
  "foul_rate": 100.0,
  "mean_cushions": 1.8999999999999997
}