{
  "algo": "ppo",
  "seed": 0,
  "train_wall_s": 147.78588209999725,
  "eval_wall_s": 0.6577447999734432,
  "wall_s": 149.16362380003557,
  "mean_inning_score": 0.0,
  "max_inning_score": 0,
  "p_score_ge1": 0.0,
  "p_score_ge3": 0.0,
  "p_score_ge5": 0.0,
  "mean_shots": 1.0,
  "foul_rate": 0.0,
  "mean_cushions": 2.0
}