{
  "algo": "ppo",
  "seed": 0,
  "train_wall_s": 153.96880025000428,
  "eval_wall_s": 0.7432054999808315,
  "wall_s": 155.33703129200148,
  "mean_inning_score": 0.0,
  "max_inning_score": 0,
  "p_score_ge1": 0.0,
  "p_score_ge3": 0.0,
  "p_score_ge5": 0.0,
  "mean_shots": 1.0,
  "foul_rate": 0.0,
  "mean_cushions": 5.0
}