{
  "config_kind": "sac_env",
  "seed": 0,
  "train_wall_s": 254.84116433298914,
  "eval_wall_s": 1.87589300001855,
  "wall_s": 256.7498463339871,
  "true_score_rate": 100.0,
  "rm_score_mean": NaN,
  "foul_rate": 0.0,
  "mean_cushions": 2.0,
  "queries_used": 0,
  "n_phases": 6,
  "last_rm_train_loss": NaN,
  "last_relabel_delta_mean": 0.0,
  "last_relabel_delta_std": 0.0,
  "attribution": {
    "n": 500,
    "score_term": 5.0,
    "score_term_std": 0.0,
    "foul_term": 0.0,
    "foul_term_std": 0.0,
    "cushion_term": 0.8,
    "cushion_term_std": 0.0,
    "red_contact_term": 1.1999999999999997,
    "red_contact_term_std": 2.220446049250313e-16,
    "opp_contact_term": 0.0,
    "opp_contact_term_std": 0.0,
    "position_term": 0.2500281441531765,
    "position_term_std": 5.551115123125783e-17,
    "duration_term": -0.2770422324236027,
    "duration_term_std": 5.551115123125783e-17,
    "total": 6.972985911729577,
    "total_std": 2.6645352591003757e-15
  }
}