{
  "algo": "td3",
  "seed": 0,
  "train_wall_s": 10.459578699999838,
  "eval_wall_s": 0.01796529999410268,
  "wall_s": 11.794313099991996,
  "mean_inning_score": 0.0,
  "max_inning_score": 0,
  "p_score_ge1": 0.0,
  "p_score_ge3": 0.0,
  "p_score_ge5": 0.0,
  "mean_shots": 1.0,
  "foul_rate": 0.0,
  "mean_cushions": 4.0
}