{
  "algo": "sac",
  "seed": 2,
  "train_wall_s": 2073.7313893327955,
  "eval_wall_s": 1.5443780000787228,
  "wall_s": 2077.2822750839405,
  "mean_inning_score": 5.23,
  "max_inning_score": 8,
  "p_score_ge1": 99.0,
  "p_score_ge3": 95.0,
  "p_score_ge5": 75.0,
  "mean_shots": 10.0,
  "foul_rate": 46.0,
  "mean_cushions": 1.033
}