{
  "algo": "td3",
  "seed": 0,
  "train_wall_s": 441.0775222000084,
  "eval_wall_s": 6.404059700027574,
  "wall_s": 448.2474469000008,
  "mean_inning_score": 4.0,
  "max_inning_score": 4,
  "p_score_ge1": 100.0,
  "p_score_ge3": 100.0,
  "p_score_ge5": 0.0,
  "mean_shots": 10.0,
  "foul_rate": 100.0,
  "mean_cushions": 2.0
}