{
  "alpha": 0.5,
  "seed": 2,
  "train_wall_s": 41.691682542004855,
  "eval_wall_s": 1.5270082500064746,
  "wall_s": 45.46561820799252,
  "true_score_rate": 0.0,
  "rm_score_norm": 2.733674317109929,
  "foul_rate": 0.0,
  "mean_cushions": 5.0,
  "attribution": {
    "n": 500,
    "score_term": 0.0,
    "score_term_std": 0.0,
    "foul_term": 0.0,
    "foul_term_std": 0.0,
    "cushion_term": 2.0,
    "cushion_term_std": 0.0,
    "red_contact_term": 0.0,
    "red_contact_term_std": 0.0,
    "opp_contact_term": 0.0,
    "opp_contact_term_std": 0.0,
    "position_term": 0.24927004985758808,
    "position_term_std": 5.551115123125783e-17,
    "duration_term": -0.27228569298220545,
    "duration_term_std": 0.0,
    "total": 1.976984356875383,
    "total_std": 6.661338147750939e-16
  }
}