{
  "budget_s": 120.0,
  "n_repeats": 30,
  "max_shots": 200,
  "final_scores": {
    "fast_long_fp02_s1": {
      "mean": 12.633333333333333,
      "std": 3.2504700514780254
    },
    "fast_time_fp02_s1": {
      "mean": 12.766666666666667,
      "std": 4.58754352083504
    },
    "fast_long_fp02_s4": {
      "mean": 14.233333333333333,
      "std": 4.7517248330357775
    },
    "fast_time_fp02_s4": {
      "mean": 14.5,
      "std": 3.1278320500521337
    },
    "fast_long_fp02_s6": {
      "mean": 12.966666666666667,
      "std": 3.6921839366724716
    },
    "fast_time_fp02_s6": {
      "mean": 13.466666666666667,
      "std": 2.837056377460428
    }
  }
}