{
  "algo": "td3",
  "seed": 1,
  "train_wall_s": 464.9127205000259,
  "eval_wall_s": 6.88860599999316,
  "wall_s": 472.5115050000022,
  "mean_inning_score": 3.0,
  "max_inning_score": 3,
  "p_score_ge1": 100.0,
  "p_score_ge3": 100.0,
  "p_score_ge5": 0.0,
  "mean_shots": 10.0,
  "foul_rate": 100.0,
  "mean_cushions": 3.600000000000001
}