{
  "config_kind": "pebble_full",
  "seed": 0,
  "train_wall_s": 268.2755262500141,
  "eval_wall_s": 1.659203291987069,
  "wall_s": 269.9738371249987,
  "true_score_rate": 0.0,
  "rm_score_mean": 0.17548595368862152,
  "foul_rate": 0.0,
  "mean_cushions": 4.0,
  "queries_used": 300,
  "n_phases": 6,
  "last_rm_train_loss": 0.6701105386018753,
  "last_relabel_delta_mean": 0.017659533768892288,
  "last_relabel_delta_std": 0.016280874609947205,
  "attribution": {
    "n": 500,
    "score_term": 0.0,
    "score_term_std": 0.0,
    "foul_term": 0.0,
    "foul_term_std": 0.0,
    "cushion_term": 1.6,
    "cushion_term_std": 0.0,
    "red_contact_term": 0.5999999999999999,
    "red_contact_term_std": 1.1102230246251565e-16,
    "opp_contact_term": 0.0,
    "opp_contact_term_std": 0.0,
    "position_term": 0.040725392521203926,
    "position_term_std": 6.938893903907228e-18,
    "duration_term": -0.23555999567391814,
    "duration_term_std": 2.7755575615628914e-17,
    "total": 2.005165396847286,
    "total_std": 0.0
  }
}