{
  "config": {
    "n_eps": 12,
    "max_shots": 25,
    "k1": 100,
    "k2": 3,
    "seed_base": 99000,
    "robust_beta": 0.2,
    "robust_eps": 0.05,
    "robust_n": 8
  },
  "results": {
    "true_baseline": {
      "mean_score": 22.583333333333332,
      "std_score": 6.897563982225094,
      "max_score": 25,
      "mean_shots": 22.75,
      "mean_sim_time_s": 88.64364004478746,
      "score_per_sim_s": 0.2547654103771352,
      "mean_chosen_robustness": 0.7665800865800865,
      "std_chosen_robustness": 0.043368316682226134,
      "n_eps_with_score": 11,
      "scores": [
        0,
        21,
        25,
        25,
        25,
        25,
        25,
        25,
        25,
        25,
        25,
        25
      ],
      "sim_times": [
        3.360336968838899,
        70.86458661994988,
        108.8950102496476,
        92.81714443303036,
        95.51377382255744,
        99.68780765784282,
        97.30451243115635,
        99.86573687259097,
        100.43566208377563,
        98.7977861254017,
        101.59039711370461,
        94.59092615895328
      ],
      "chosen_robustness_per_ep": [
        null,
        0.8273809523809523,
        0.7,
        0.8,
        0.74,
        0.785,
        0.685,
        0.8,
        0.77,
        0.795,
        0.795,
        0.735
      ],
      "proposers": "baseline",
      "robust_rank": false
    },
    "baseline_robust": {
      "mean_score": 22.916666666666668,
      "std_score": 6.909634979907085,
      "max_score": 25,
      "mean_shots": 23.0,
      "mean_sim_time_s": 87.6031811543802,
      "score_per_sim_s": 0.2615962841153152,
      "mean_chosen_robustness": 0.8827272727272728,
      "std_chosen_robustness": 0.03569846166558521,
      "n_eps_with_score": 11,
      "scores": [
        0,
        25,
        25,
        25,
        25,
        25,
        25,
        25,
        25,
        25,
        25,
        25
      ],
      "sim_times": [
        3.360336968838899,
        94.74069519972825,
        101.9031749122547,
        83.3217056612085,
        94.89516710317565,
        100.03771728950252,
        100.27605114042447,
        90.1234924193957,
        87.67255973849758,
        92.00840965666218,
        98.58962506442148,
        104.30923869845222
      ],
      "chosen_robustness_per_ep": [
        null,
        0.855,
        0.835,
        0.935,
        0.86,
        0.855,
        0.885,
        0.9,
        0.955,
        0.905,
        0.87,
        0.855
      ],
      "proposers": "baseline",
      "robust_rank": true
    },
    "robust_robust": {
      "mean_score": 22.916666666666668,
      "std_score": 6.909634979907085,
      "max_score": 25,
      "mean_shots": 23.0,
      "mean_sim_time_s": 85.75601799124189,
      "score_per_sim_s": 0.267231002598641,
      "mean_chosen_robustness": 0.8945454545454545,
      "std_chosen_robustness": 0.039106762113159,
      "n_eps_with_score": 11,
      "scores": [
        0,
        25,
        25,
        25,
        25,
        25,
        25,
        25,
        25,
        25,
        25,
        25
      ],
      "sim_times": [
        4.590936770304257,
        88.8795858303919,
        101.99896977740207,
        90.57643757002646,
        97.33506473534379,
        92.34473876923298,
        86.9207939611354,
        81.77775805838311,
        97.43585578955722,
        88.45079595908753,
        95.0332096009695,
        103.72806907306867
      ],
      "chosen_robustness_per_ep": [
        null,
        0.91,
        0.895,
        0.92,
        0.85,
        0.91,
        0.965,
        0.925,
        0.865,
        0.815,
        0.91,
        0.875
      ],
      "proposers": "robust",
      "robust_rank": true
    }
  }
}