{
  "algo": "sac",
  "seed": 1,
  "train_wall_s": 474.17930860002525,
  "eval_wall_s": 6.2129244999960065,
  "wall_s": 481.10238850000314,
  "mean_inning_score": 1.0,
  "max_inning_score": 1,
  "p_score_ge1": 100.0,
  "p_score_ge3": 0.0,
  "p_score_ge5": 0.0,
  "mean_shots": 10.0,
  "foul_rate": 100.0,
  "mean_cushions": 4.399999999999999
}