{
  "algo": "sac",
  "seed": 4,
  "train_wall_s": 2480.737313874997,
  "eval_wall_s": 2.3609298749361187,
  "wall_s": 2485.700945208082,
  "mean_inning_score": 4.79,
  "max_inning_score": 9,
  "p_score_ge1": 99.0,
  "p_score_ge3": 88.0,
  "p_score_ge5": 57.99999999999999,
  "mean_shots": 10.0,
  "foul_rate": 49.0,
  "mean_cushions": 1.119
}