{
  "algo": "sac",
  "seed": 1,
  "train_wall_s": 494.0511982999742,
  "eval_wall_s": 5.519016599981114,
  "wall_s": 500.36049849999836,
  "mean_inning_score": 0.0,
  "max_inning_score": 0,
  "p_score_ge1": 0.0,
  "p_score_ge3": 0.0,
  "p_score_ge5": 0.0,
  "mean_shots": 10.0,
  "foul_rate": 0.0,
  "mean_cushions": 3.0
}