{
  "algo": "sac",
  "seed": 0,
  "train_wall_s": 142.60365500004264,
  "eval_wall_s": 6.7002046999987215,
  "wall_s": 152.10174020001432,
  "mean_inning_score": 2.0,
  "max_inning_score": 2,
  "p_score_ge1": 100.0,
  "p_score_ge3": 0.0,
  "p_score_ge5": 0.0,
  "mean_shots": 10.0,
  "foul_rate": 100.0,
  "mean_cushions": 2.7
}