{
  "config_kind": "pebble_full",
  "seed": 2,
  "train_wall_s": 254.82607608402031,
  "eval_wall_s": 1.5786176660039928,
  "wall_s": 256.4356303329987,
  "true_score_rate": 0.0,
  "rm_score_mean": 0.11566123366355896,
  "foul_rate": 0.0,
  "mean_cushions": 4.0,
  "queries_used": 300,
  "n_phases": 6,
  "last_rm_train_loss": 0.6558452099561691,
  "last_relabel_delta_mean": 0.01638679765164852,
  "last_relabel_delta_std": 0.020266981795430183,
  "attribution": {
    "n": 500,
    "score_term": 0.0,
    "score_term_std": 0.0,
    "foul_term": 0.0,
    "foul_term_std": 0.0,
    "cushion_term": 1.6,
    "cushion_term_std": 0.0,
    "red_contact_term": 0.5999999999999999,
    "red_contact_term_std": 1.1102230246251565e-16,
    "opp_contact_term": 0.0,
    "opp_contact_term_std": 0.0,
    "position_term": 0.11680742822836909,
    "position_term_std": 0.0,
    "duration_term": -0.22658190673609868,
    "duration_term_std": 8.326672684688674e-17,
    "total": 2.0902255214922705,
    "total_std": 0.0
  }
}