{
  "n": 500,
  "score_term": 0.0,
  "score_term_std": 0.0,
  "foul_term": 0.0,
  "foul_term_std": 0.0,
  "cushion_term": 2.0,
  "cushion_term_std": 0.0,
  "red_contact_term": 0.0,
  "red_contact_term_std": 0.0,
  "opp_contact_term": 0.0,
  "opp_contact_term_std": 0.0,
  "position_term": 0.24314966521693385,
  "position_term_std": 2.7755575615628914e-17,
  "duration_term": -0.2723932221803419,
  "duration_term_std": 5.551115123125783e-17,
  "total": 1.9707564430365918,
  "total_std": 0.0
}