{
  "alpha": 0.3,
  "seed": 0,
  "train_wall_s": 41.647943083022255,
  "eval_wall_s": 1.4865792079945095,
  "wall_s": 45.32467629099847,
  "true_score_rate": 0.0,
  "rm_score_norm": 2.744426508824719,
  "foul_rate": 0.0,
  "mean_cushions": 5.0,
  "attribution": {
    "n": 500,
    "score_term": 0.0,
    "score_term_std": 0.0,
    "foul_term": 0.0,
    "foul_term_std": 0.0,
    "cushion_term": 2.0,
    "cushion_term_std": 0.0,
    "red_contact_term": 0.0,
    "red_contact_term_std": 0.0,
    "opp_contact_term": 0.0,
    "opp_contact_term_std": 0.0,
    "position_term": 0.24387798650591858,
    "position_term_std": 2.7755575615628914e-17,
    "duration_term": -0.2723807531398899,
    "duration_term_std": 5.551115123125783e-17,
    "total": 1.971497233366029,
    "total_std": 2.220446049250313e-16
  }
}