{
  "algo": "sac",
  "seed": 0,
  "train_wall_s": 10.95581630000379,
  "eval_wall_s": 0.32126509997760877,
  "wall_s": 12.031611699960195,
  "mean_inning_score": 0.0,
  "max_inning_score": 0,
  "p_score_ge1": 0.0,
  "p_score_ge3": 0.0,
  "p_score_ge5": 0.0,
  "mean_shots": 10.0,
  "foul_rate": 0.0,
  "mean_cushions": 0.9
}