{
  "algo": "td3",
  "seed": 2,
  "train_wall_s": 458.94621449999977,
  "eval_wall_s": 6.206946499994956,
  "wall_s": 465.84652189997723,
  "mean_inning_score": 2.0,
  "max_inning_score": 2,
  "p_score_ge1": 100.0,
  "p_score_ge3": 0.0,
  "p_score_ge5": 0.0,
  "mean_shots": 10.0,
  "foul_rate": 100.0,
  "mean_cushions": 2.7
}