{
  "config_kind": "sac_env",
  "seed": 1,
  "train_wall_s": 249.2336630000209,
  "eval_wall_s": 1.804363416013075,
  "wall_s": 251.07215737499064,
  "true_score_rate": 100.0,
  "rm_score_mean": NaN,
  "foul_rate": 0.0,
  "mean_cushions": 5.0,
  "queries_used": 0,
  "n_phases": 6,
  "last_rm_train_loss": NaN,
  "last_relabel_delta_mean": 0.0,
  "last_relabel_delta_std": 0.0,
  "attribution": {
    "n": 500,
    "score_term": 5.0,
    "score_term_std": 0.0,
    "foul_term": 0.0,
    "foul_term_std": 0.0,
    "cushion_term": 2.0,
    "cushion_term_std": 0.0,
    "red_contact_term": 1.1999999999999997,
    "red_contact_term_std": 2.220446049250313e-16,
    "opp_contact_term": 0.0,
    "opp_contact_term_std": 0.0,
    "position_term": 0.3240296214836047,
    "position_term_std": 5.551115123125783e-17,
    "duration_term": -0.24098302152239728,
    "duration_term_std": 8.326672684688674e-17,
    "total": 8.283046599961208,
    "total_std": 1.7763568394002505e-15
  }
}