{
  "algo": "sac",
  "seed": 1,
  "train_wall_s": 1516.690717834048,
  "eval_wall_s": 1.4373720830772072,
  "wall_s": 1519.915955417091,
  "mean_inning_score": 5.5,
  "max_inning_score": 10,
  "p_score_ge1": 100.0,
  "p_score_ge3": 95.0,
  "p_score_ge5": 76.0,
  "mean_shots": 10.0,
  "foul_rate": 52.0,
  "mean_cushions": 0.9489999999999997
}