{
  "config_kind": "sac_rm_frozen",
  "seed": 0,
  "train_wall_s": 247.37939766599447,
  "eval_wall_s": 3.0796646249946207,
  "wall_s": 250.48923154099612,
  "true_score_rate": 0.0,
  "rm_score_mean": 0.1699487864971161,
  "foul_rate": 0.0,
  "mean_cushions": 1.0,
  "queries_used": 300,
  "n_phases": 6,
  "last_rm_train_loss": 0.6721135675907135,
  "last_relabel_delta_mean": 0.0,
  "last_relabel_delta_std": 0.0,
  "attribution": {
    "n": 500,
    "score_term": 0.0,
    "score_term_std": 0.0,
    "foul_term": 0.0,
    "foul_term_std": 0.0,
    "cushion_term": 0.4,
    "cushion_term_std": 0.0,
    "red_contact_term": 0.0,
    "red_contact_term_std": 0.0,
    "opp_contact_term": 0.0,
    "opp_contact_term_std": 0.0,
    "position_term": 0.0,
    "position_term_std": 0.0,
    "duration_term": -0.5999999999999999,
    "duration_term_std": 2.220446049250313e-16,
    "total": -0.20000000000000015,
    "total_std": 8.326672684688674e-17
  }
}