{
  "algo": "sac",
  "seed": 1,
  "train_wall_s": 519.5440375999897,
  "eval_wall_s": 6.501923300034832,
  "wall_s": 526.7686824999982,
  "mean_inning_score": 2.0,
  "max_inning_score": 2,
  "p_score_ge1": 100.0,
  "p_score_ge3": 0.0,
  "p_score_ge5": 0.0,
  "mean_shots": 10.0,
  "foul_rate": 0.0,
  "mean_cushions": 2.1000000000000005
}