{
  "algo": "sac",
  "seed": 2,
  "train_wall_s": 1264.040705540916,
  "eval_wall_s": 2.1423132501076907,
  "wall_s": 1268.779508208856,
  "mean_inning_score": 3.69,
  "max_inning_score": 7,
  "p_score_ge1": 100.0,
  "p_score_ge3": 81.0,
  "p_score_ge5": 28.000000000000004,
  "mean_shots": 10.0,
  "foul_rate": 61.0,
  "mean_cushions": 1.666
}