{
  "alpha": 0.7,
  "seed": 2,
  "train_wall_s": 41.63872258301126,
  "eval_wall_s": 1.5363854590104893,
  "wall_s": 45.48905500001274,
  "true_score_rate": 0.0,
  "rm_score_norm": 2.7285591967795924,
  "foul_rate": 0.0,
  "mean_cushions": 5.0,
  "attribution": {
    "n": 500,
    "score_term": 0.0,
    "score_term_std": 0.0,
    "foul_term": 0.0,
    "foul_term_std": 0.0,
    "cushion_term": 2.0,
    "cushion_term_std": 0.0,
    "red_contact_term": 0.0,
    "red_contact_term_std": 0.0,
    "opp_contact_term": 0.0,
    "opp_contact_term_std": 0.0,
    "position_term": 0.2518283375318279,
    "position_term_std": 5.551115123125783e-17,
    "duration_term": -0.27223889476364876,
    "duration_term_std": 5.551115123125783e-17,
    "total": 1.97958944276818,
    "total_std": 6.661338147750939e-16
  }
}