{
  "algo": "sac",
  "seed": 1,
  "train_wall_s": 170.1912817999837,
  "eval_wall_s": 7.590704599977471,
  "wall_s": 180.69953159999568,
  "mean_inning_score": 3.0,
  "max_inning_score": 3,
  "p_score_ge1": 100.0,
  "p_score_ge3": 100.0,
  "p_score_ge5": 0.0,
  "mean_shots": 10.0,
  "foul_rate": 0.0,
  "mean_cushions": 2.6000000000000005
}