{
  "algo": "sac",
  "seed": 0,
  "train_wall_s": 2.3361788999754936,
  "eval_wall_s": 0.18119799997657537,
  "wall_s": 3.2921235000249,
  "mean_inning_score": 0.0,
  "max_inning_score": 0,
  "p_score_ge1": 0.0,
  "p_score_ge3": 0.0,
  "p_score_ge5": 0.0,
  "mean_shots": 10.0,
  "foul_rate": 0.0,
  "mean_cushions": 3.6
}