{
  "algo": "td3",
  "seed": 2,
  "train_wall_s": 197.7164453000296,
  "eval_wall_s": 7.581460700021125,
  "wall_s": 208.9348068999825,
  "mean_inning_score": 2.0,
  "max_inning_score": 2,
  "p_score_ge1": 100.0,
  "p_score_ge3": 0.0,
  "p_score_ge5": 0.0,
  "mean_shots": 10.0,
  "foul_rate": 100.0,
  "mean_cushions": 3.2
}