{
  "n": 500,
  "score_term": 0.0,
  "score_term_std": 0.0,
  "foul_term": 0.0,
  "foul_term_std": 0.0,
  "cushion_term": 1.6,
  "cushion_term_std": 0.0,
  "red_contact_term": 0.0,
  "red_contact_term_std": 0.0,
  "opp_contact_term": 0.0,
  "opp_contact_term_std": 0.0,
  "position_term": 0.28629128171407403,
  "position_term_std": 5.551115123125783e-17,
  "duration_term": -0.2771731360274133,
  "duration_term_std": 0.0,
  "total": 1.6091181456866614,
  "total_std": 4.440892098500626e-16
}