{
  "config_kind": "pebble_full",
  "seed": 1,
  "train_wall_s": 259.96814962499775,
  "eval_wall_s": 1.5810843340004794,
  "wall_s": 261.58747112500714,
  "true_score_rate": 0.0,
  "rm_score_mean": 0.08523785322904587,
  "foul_rate": 0.0,
  "mean_cushions": 4.0,
  "queries_used": 300,
  "n_phases": 6,
  "last_rm_train_loss": 0.6702599078416824,
  "last_relabel_delta_mean": 0.019298303872346878,
  "last_relabel_delta_std": 0.023406295105814934,
  "attribution": {
    "n": 500,
    "score_term": 0.0,
    "score_term_std": 0.0,
    "foul_term": 0.0,
    "foul_term_std": 0.0,
    "cushion_term": 1.6,
    "cushion_term_std": 0.0,
    "red_contact_term": 0.0,
    "red_contact_term_std": 0.0,
    "opp_contact_term": 0.0,
    "opp_contact_term_std": 0.0,
    "position_term": 0.28629128171407403,
    "position_term_std": 5.551115123125783e-17,
    "duration_term": -0.2771731360274133,
    "duration_term_std": 0.0,
    "total": 1.6091181456866614,
    "total_std": 4.440892098500626e-16
  }
}