{
  "mu": 1.2852418166957795,
  "sigma": 0.8519010480349589,
  "n_samples": 1000,
  "seed": 0,
  "model_path": "models/reward_model.pt",
  "raw_min": -0.8167033791542053,
  "raw_max": 3.621122360229492,
  "elapsed_s": 0.05334683301043697
}