{
  "config": {
    "n_eps": 12,
    "max_shots": 25,
    "k1": 100,
    "k2": 3,
    "seed_base": 99000
  },
  "results": {
    "true_baseline": {
      "mean_score": 22.583333333333332,
      "std_score": 6.897563982225094,
      "max_score": 25,
      "mean_shots": 22.75,
      "mean_sim_time_s": 88.64364004478746,
      "score_per_sim_s": 0.2547654103771352,
      "scores": [
        0,
        21,
        25,
        25,
        25,
        25,
        25,
        25,
        25,
        25,
        25,
        25
      ],
      "sim_times": [
        3.360336968838899,
        70.86458661994988,
        108.8950102496476,
        92.81714443303036,
        95.51377382255744,
        99.68780765784282,
        97.30451243115635,
        99.86573687259097,
        100.43566208377563,
        98.7977861254017,
        101.59039711370461,
        94.59092615895328
      ],
      "proposers": "baseline",
      "time_rank": false
    },
    "game_solo": {
      "mean_score": 20.083333333333332,
      "std_score": 8.015176576692216,
      "max_score": 25,
      "mean_shots": 20.416666666666668,
      "mean_sim_time_s": 82.5788422463828,
      "score_per_sim_s": 0.24320192420974565,
      "scores": [
        0,
        19,
        13,
        25,
        25,
        25,
        25,
        25,
        9,
        25,
        25,
        25
      ],
      "sim_times": [
        3.8385193664460098,
        85.67729533186416,
        59.676133256691685,
        96.03643100378245,
        98.35196581088606,
        97.26935121802799,
        110.94207770669853,
        102.3625056749697,
        43.735259784800654,
        100.73654058879438,
        92.82183386263027,
        99.49819335100183
      ],
      "proposers": "game_solo",
      "time_rank": false
    }
  }
}