{
  "config_kind": "sac_rm_frozen",
  "seed": 2,
  "train_wall_s": 253.82716312500997,
  "eval_wall_s": 1.504097750002984,
  "wall_s": 255.36296037500142,
  "true_score_rate": 0.0,
  "rm_score_mean": 0.10876904428005219,
  "foul_rate": 0.0,
  "mean_cushions": 4.0,
  "queries_used": 300,
  "n_phases": 6,
  "last_rm_train_loss": 0.6571969538927078,
  "last_relabel_delta_mean": 0.0,
  "last_relabel_delta_std": 0.0,
  "attribution": {
    "n": 500,
    "score_term": 0.0,
    "score_term_std": 0.0,
    "foul_term": 0.0,
    "foul_term_std": 0.0,
    "cushion_term": 1.6,
    "cushion_term_std": 0.0,
    "red_contact_term": 0.0,
    "red_contact_term_std": 0.0,
    "opp_contact_term": 0.0,
    "opp_contact_term_std": 0.0,
    "position_term": 0.18598879084594575,
    "position_term_std": 2.7755575615628914e-17,
    "duration_term": -0.27066630005139963,
    "duration_term_std": 5.551115123125783e-17,
    "total": 1.515322490794546,
    "total_std": 2.220446049250313e-16
  }
}