{
  "config_kind": "sac_rm_frozen",
  "seed": 1,
  "train_wall_s": 267.01293487500516,
  "eval_wall_s": 1.5897385420103092,
  "wall_s": 268.6388837910199,
  "true_score_rate": 0.0,
  "rm_score_mean": 0.0943131074309349,
  "foul_rate": 0.0,
  "mean_cushions": 5.0,
  "queries_used": 300,
  "n_phases": 6,
  "last_rm_train_loss": 0.6635163724422455,
  "last_relabel_delta_mean": 0.0,
  "last_relabel_delta_std": 0.0,
  "attribution": {
    "n": 500,
    "score_term": 0.0,
    "score_term_std": 0.0,
    "foul_term": 0.0,
    "foul_term_std": 0.0,
    "cushion_term": 2.0,
    "cushion_term_std": 0.0,
    "red_contact_term": 0.0,
    "red_contact_term_std": 0.0,
    "opp_contact_term": 0.0,
    "opp_contact_term_std": 0.0,
    "position_term": 0.1644494792428988,
    "position_term_std": 2.7755575615628914e-17,
    "duration_term": -0.26490603501631416,
    "duration_term_std": 0.0,
    "total": 1.8995434442265842,
    "total_std": 6.661338147750939e-16
  }
}