{
  "algo": "sac",
  "seed": 2,
  "train_wall_s": 506.5578725000378,
  "eval_wall_s": 6.7837799999979325,
  "wall_s": 514.0986314999755,
  "mean_inning_score": 6.0,
  "max_inning_score": 6,
  "p_score_ge1": 100.0,
  "p_score_ge3": 100.0,
  "p_score_ge5": 100.0,
  "mean_shots": 10.0,
  "foul_rate": 0.0,
  "mean_cushions": 2.3000000000000007
}