{
  "algo": "sac",
  "seed": 0,
  "train_wall_s": 3.9561580999870785,
  "eval_wall_s": 0.21176689997082576,
  "wall_s": 6.853852200030815,
  "mean_inning_score": 1.0,
  "max_inning_score": 1,
  "p_score_ge1": 100.0,
  "p_score_ge3": 0.0,
  "p_score_ge5": 0.0,
  "mean_shots": 10.0,
  "foul_rate": 100.0,
  "mean_cushions": 0.6
}