{
  "n": 500,
  "score_term": 0.0,
  "score_term_std": 0.0,
  "foul_term": 0.0,
  "foul_term_std": 0.0,
  "cushion_term": 2.0,
  "cushion_term_std": 0.0,
  "red_contact_term": 0.0,
  "red_contact_term_std": 0.0,
  "opp_contact_term": 0.0,
  "opp_contact_term_std": 0.0,
  "position_term": 0.24526288799765145,
  "position_term_std": 2.7755575615628914e-17,
  "duration_term": -0.27235680031761067,
  "duration_term_std": 0.0,
  "total": 1.9729060876800408,
  "total_std": 2.220446049250313e-16
}