{
  "algo": "sac",
  "seed": 1,
  "train_wall_s": 2120.2945775410626,
  "eval_wall_s": 1.6440524999052286,
  "wall_s": 2124.1454140420537,
  "mean_inning_score": 5.1,
  "max_inning_score": 9,
  "p_score_ge1": 100.0,
  "p_score_ge3": 95.0,
  "p_score_ge5": 60.0,
  "mean_shots": 10.0,
  "foul_rate": 52.0,
  "mean_cushions": 1.1820000000000002
}