{
  "algo": "sac",
  "seed": 3,
  "train_wall_s": 2077.150552582927,
  "eval_wall_s": 1.771755374968052,
  "wall_s": 2081.027176124975,
  "mean_inning_score": 4.84,
  "max_inning_score": 10,
  "p_score_ge1": 100.0,
  "p_score_ge3": 90.0,
  "p_score_ge5": 57.99999999999999,
  "mean_shots": 10.0,
  "foul_rate": 51.0,
  "mean_cushions": 1.2280000000000002
}