{
  "algo": "sac",
  "seed": 0,
  "train_wall_s": 11.674803900008556,
  "eval_wall_s": 0.21463499998208135,
  "wall_s": 12.653131300001405,
  "mean_inning_score": 1.0,
  "max_inning_score": 1,
  "p_score_ge1": 100.0,
  "p_score_ge3": 0.0,
  "p_score_ge5": 0.0,
  "mean_shots": 10.0,
  "foul_rate": 0.0,
  "mean_cushions": 0.5
}