{
  "train_loss": [
    0.6859588728231543,
    0.6723684423110065,
    0.6613418459892273,
    0.6465396074687734,
    0.6327324264189776,
    0.6229076420559603,
    0.6151946432450238,
    0.6091028767473557,
    0.6073822484296911,
    0.6037464282091927,
    0.6005382818334243,
    0.5974128982600044,
    0.5950398865868064,
    0.5943719709620756,
    0.5904788550208596,
    0.5876782501445097,
    0.5851350216304555,
    0.582870669224683,
    0.5794003220165477,
    0.5787767312105965
  ],
  "val_loss": [
    0.6817044019699097,
    0.6739420294761658,
    0.660760760307312,
    0.64640212059021,
    0.6362881064414978,
    0.6269155740737915,
    0.6190428137779236,
    0.6143251657485962,
    0.6141163110733032,
    0.6062549352645874,
    0.6046394109725952,
    0.6003386378288269,
    0.5978304743766785,
    0.5980348587036133,
    0.5926250219345093,
    0.5886472463607788,
    0.5858447551727295,
    0.5840752124786377,
    0.5856418013572693,
    0.5829820036888123
  ],
  "val_acc": [
    0.42399999499320984,
    0.4346666634082794,
    0.47066667675971985,
    0.4906666576862335,
    0.48266667127609253,
    0.5013333559036255,
    0.5106666684150696,
    0.5226666927337646,
    0.5293333530426025,
    0.5306666493415833,
    0.5320000052452087,
    0.5373333096504211,
    0.5440000295639038,
    0.5400000214576721,
    0.5400000214576721,
    0.5519999861717224,
    0.5613333582878113,
    0.5519999861717224,
    0.5440000295639038,
    0.5400000214576721
  ]
}