{
  "alpha": 1.0,
  "seed": 1,
  "train_wall_s": 38.04583216700121,
  "eval_wall_s": 1.6048859999864362,
  "wall_s": 41.91855391598074,
  "true_score_rate": 0.0,
  "rm_score_norm": 2.7594598186493298,
  "foul_rate": 100.0,
  "mean_cushions": 5.0,
  "attribution": {
    "n": 500,
    "score_term": 0.0,
    "score_term_std": 0.0,
    "foul_term": -5.0,
    "foul_term_std": 0.0,
    "cushion_term": 2.0,
    "cushion_term_std": 0.0,
    "red_contact_term": 0.0,
    "red_contact_term_std": 0.0,
    "opp_contact_term": -0.29999999999999993,
    "opp_contact_term_std": 5.551115123125783e-17,
    "position_term": 0.0,
    "position_term_std": 0.0,
    "duration_term": -0.25793148562101564,
    "duration_term_std": 5.551115123125783e-17,
    "total": -3.557931485621014,
    "total_std": 1.3322676295501878e-15
  }
}